"","x"
"1","01%20janvier%202024%.pdf"
"2","02%20janvier%202024%.pdf"
"3","04%20janvier%202024%.pdf"
"4","09%20janvier%202024%.pdf"
"5","10%20janvier%202024%.pdf"
"6","11%20janvier%202024%.pdf"
"7","12%20janvier%202024%.pdf"
"8","13%20janvier%202024%.pdf"
"9","14%20décembre%20.pdf"
"10","14%20janvier%202024%.pdf"
"11","15%20janvier%202024%.pdf"
"12","16%20janvier%202024%.pdf"
"13","19%20décembre%20.pdf"
"14","20%20décembre%20.pdf"
"15","2023_01déc.pdf"
"16","2023_02déc.pdf"
"17","2023_03déc.pdf"
"18","2023_04déc.pdf"
"19","2023_05déc.pdf"
"20","2023_07déc.pdf"
"21","2023_08déc.pdf"
"22","2023_09déc.pdf"
"23","2023_10déc.pdf"
"24","2023_11déc.pdf"
"25","2023_12déc.pdf"
"26","2023_13déc.pdf"
"27","2023_15déc.pdf"
"28","2023_16déc.pdf"
"29","2023_17déc.pdf"
"30","2023_18déc.pdf"
"31","2023_19déc.pdf"
"32","2023_20déc.pdf"
"33","2023_21déc.pdf"
"34","2023_22déc.pdf"
"35","2023_23déc.pdf"
"36","2023_24déc.pdf"
"37","2023_25déc.pdf"
"38","22%20décembre%202023.pdf"
"39","23%20décembre%202023.pdf"
"40","24%20décembre%202023.pdf"
"41","25%20décembre%202023.pdf"
"42","26%20décembre%20.pdf"
"43","26%20décembre%202023.pdf"
"44","27%20décembre%20.pdf"
"45","27%20décembre%202023.pdf"
"46","28%20décembre%20.pdf"
"47","28%20décembre%202023.pdf"
"48","29%20décembre%202023.pdf"
"49","30%20décembre%202023.pdf"
"50","31%20décembre%202023.pdf"
